company_id,rating,insights
ABB,STRONG,Excellent profitability with ROE above 20%. Low debt indicates a strong capital structure. Positive free cash flow indicates healthy cash generation. Profit margins are healthy.
ADANIENSOL,WEAK,ROE is relatively low. High debt may increase financial risk. Positive free cash flow indicates healthy cash generation. Profit margins are relatively weak.
ADANIENT,WEAK,ROE is relatively low. High debt may increase financial risk. Negative free cash flow needs attention. Profit margins are relatively weak.
ADANIGREEN,WEAK,ROE is relatively low. High debt may increase financial risk. Negative free cash flow needs attention. Profit margins are stable.
ADANIPORTS,MODERATE,Healthy ROE indicates good shareholder returns. Debt level appears manageable. Positive free cash flow indicates healthy cash generation. Profit margins are healthy.
ADANIPOWER,STRONG,Excellent profitability with ROE above 20%. Debt level appears manageable. Positive free cash flow indicates healthy cash generation. Profit margins are healthy.
AMBUJACEM,WEAK,ROE is relatively low. Low debt indicates a strong capital structure. Negative free cash flow needs attention. Profit margins are stable.
APOLLOHOSP,WEAK,ROE is relatively low. Debt level appears manageable. Positive free cash flow indicates healthy cash generation. Profit margins are relatively weak.
ASIANPAINT,STRONG,Excellent profitability with ROE above 20%. Low debt indicates a strong capital structure. Positive free cash flow indicates healthy cash generation. Profit margins are healthy.
AXISBANK,WEAK,Healthy ROE indicates good shareholder returns. High debt may increase financial risk. Negative free cash flow needs attention. Profit margins are healthy.
BAJAJ-AUTO,STRONG,Excellent profitability with ROE above 20%. Low debt indicates a strong capital structure. Positive free cash flow indicates healthy cash generation. Profit margins are healthy.
BAJAJFINSV,WEAK,Excellent profitability with ROE above 20%. High debt may increase financial risk. Negative free cash flow needs attention. Profit margins are stable.
BAJAJHLDNG,MODERATE,ROE is relatively low. Low debt indicates a strong capital structure. Positive free cash flow indicates healthy cash generation. Profit margins are healthy.
BAJFINANCE,WEAK,Healthy ROE indicates good shareholder returns. High debt may increase financial risk. Negative free cash flow needs attention. Profit margins are healthy.
BANKBARODA,WEAK,Healthy ROE indicates good shareholder returns. High debt may increase financial risk. Negative free cash flow needs attention. Profit margins are healthy.
BEL,MODERATE,Excellent profitability with ROE above 20%. Debt level appears manageable. Negative free cash flow needs attention. Profit margins are healthy.
BHARTIARTL,WEAK,ROE is relatively low. High debt may increase financial risk. Positive free cash flow indicates healthy cash generation. Profit margins are relatively weak.
BHEL,WEAK,ROE is relatively low. Low debt indicates a strong capital structure. Negative free cash flow needs attention. Profit margins are relatively weak.
BOSCHLTD,STRONG,Excellent profitability with ROE above 20%. Low debt indicates a strong capital structure. Positive free cash flow indicates healthy cash generation. Profit margins are stable.
BPCL,MODERATE,Excellent profitability with ROE above 20%. Debt level appears manageable. Positive free cash flow indicates healthy cash generation. Profit margins are relatively weak.
BRITANNIA,MODERATE,Excellent profitability with ROE above 20%. Debt level appears manageable. Positive free cash flow indicates healthy cash generation. Profit margins are stable.
CANBK,MODERATE,Healthy ROE indicates good shareholder returns. High debt may increase financial risk. Positive free cash flow indicates healthy cash generation. Profit margins are stable.
CHOLAFIN,WEAK,Healthy ROE indicates good shareholder returns. High debt may increase financial risk. Negative free cash flow needs attention. Profit margins are healthy.
CIPLA,STRONG,Healthy ROE indicates good shareholder returns. Low debt indicates a strong capital structure. Positive free cash flow indicates healthy cash generation. Profit margins are healthy.
COALINDIA,STRONG,Excellent profitability with ROE above 20%. Low debt indicates a strong capital structure. Positive free cash flow indicates healthy cash generation. Profit margins are healthy.
DABUR,MODERATE,Healthy ROE indicates good shareholder returns. Low debt indicates a strong capital structure. Positive free cash flow indicates healthy cash generation. Profit margins are stable.
DIVISLAB,MODERATE,ROE is relatively low. Low debt indicates a strong capital structure. Positive free cash flow indicates healthy cash generation. Profit margins are healthy.
DLF,MODERATE,ROE is relatively low. Low debt indicates a strong capital structure. Positive free cash flow indicates healthy cash generation. Profit margins are healthy.
DMART,MODERATE,ROE is relatively low. Low debt indicates a strong capital structure. Positive free cash flow indicates healthy cash generation. Profit margins are relatively weak.
DRREDDY,STRONG,Healthy ROE indicates good shareholder returns. Low debt indicates a strong capital structure. Positive free cash flow indicates healthy cash generation. Profit margins are healthy.
EICHERMOT,STRONG,Excellent profitability with ROE above 20%. Low debt indicates a strong capital structure. Positive free cash flow indicates healthy cash generation. Profit margins are healthy.
GAIL,MODERATE,ROE is relatively low. Low debt indicates a strong capital structure. Positive free cash flow indicates healthy cash generation. Profit margins are relatively weak.
GODREJCP,WEAK,ROE is relatively low. Low debt indicates a strong capital structure. Negative free cash flow needs attention. Profit margins are relatively weak.
GRASIM,WEAK,ROE is relatively low. High debt may increase financial risk. Negative free cash flow needs attention. Profit margins are relatively weak.
HAL,STRONG,Excellent profitability with ROE above 20%. Debt level appears manageable. Positive free cash flow indicates healthy cash generation. Profit margins are healthy.
HAVELLS,MODERATE,Healthy ROE indicates good shareholder returns. Low debt indicates a strong capital structure. Positive free cash flow indicates healthy cash generation. Profit margins are relatively weak.
HCLTECH,STRONG,Excellent profitability with ROE above 20%. Low debt indicates a strong capital structure. Positive free cash flow indicates healthy cash generation. Profit margins are stable.
HDFCBANK,MODERATE,ROE is relatively low. High debt may increase financial risk. Positive free cash flow indicates healthy cash generation. Profit margins are healthy.
HDFCLIFE,WEAK,ROE is relatively low. Low debt indicates a strong capital structure. Negative free cash flow needs attention. Profit margins are relatively weak.
HEROMOTOCO,STRONG,Excellent profitability with ROE above 20%. Low debt indicates a strong capital structure. Positive free cash flow indicates healthy cash generation. Profit margins are stable.
HINDALCO,WEAK,ROE is relatively low. Debt level appears manageable. Positive free cash flow indicates healthy cash generation. Profit margins are relatively weak.
HINDUNILVR,STRONG,Excellent profitability with ROE above 20%. Low debt indicates a strong capital structure. Positive free cash flow indicates healthy cash generation. Profit margins are healthy.
ICICIBANK,MODERATE,Healthy ROE indicates good shareholder returns. High debt may increase financial risk. Positive free cash flow indicates healthy cash generation. Profit margins are healthy.
ICICIGI,MODERATE,Healthy ROE indicates good shareholder returns. Low debt indicates a strong capital structure. Positive free cash flow indicates healthy cash generation. Profit margins are stable.
ICICIPRULI,MODERATE,ROE is relatively low. Low debt indicates a strong capital structure. Positive free cash flow indicates healthy cash generation. Profit margins are relatively weak.
INDIGO,STRONG,Excellent profitability with ROE above 20%. Low debt indicates a strong capital structure. Positive free cash flow indicates healthy cash generation. Profit margins are stable.
INDUSINDBK,WEAK,ROE is relatively low. High debt may increase financial risk. Negative free cash flow needs attention. Profit margins are healthy.
INFY,STRONG,Excellent profitability with ROE above 20%. Low debt indicates a strong capital structure. Positive free cash flow indicates healthy cash generation. Profit margins are healthy.
IOC,MODERATE,Excellent profitability with ROE above 20%. Debt level appears manageable. Positive free cash flow indicates healthy cash generation. Profit margins are relatively weak.
IRCTC,STRONG,Excellent profitability with ROE above 20%. Low debt indicates a strong capital structure. Positive free cash flow indicates healthy cash generation. Profit margins are healthy.
IRFC,MODERATE,ROE is relatively low. High debt may increase financial risk. Positive free cash flow indicates healthy cash generation. Profit margins are healthy.
ITC,STRONG,Excellent profitability with ROE above 20%. Low debt indicates a strong capital structure. Positive free cash flow indicates healthy cash generation. Profit margins are healthy.
JINDALSTEL,WEAK,ROE is relatively low. Low debt indicates a strong capital structure. Negative free cash flow needs attention. Profit margins are stable.
JIOFIN,MODERATE,ROE is relatively low. Low debt indicates a strong capital structure. Positive free cash flow indicates healthy cash generation. Profit margins are healthy.
JSWENERGY,WEAK,ROE is relatively low. High debt may increase financial risk. Negative free cash flow needs attention. Profit margins are healthy.
JSWSTEEL,WEAK,ROE is relatively low. High debt may increase financial risk. Negative free cash flow needs attention. Profit margins are relatively weak.
KOTAKBANK,MODERATE,ROE is relatively low. High debt may increase financial risk. Positive free cash flow indicates healthy cash generation. Profit margins are healthy.
LICI,MODERATE,Excellent profitability with ROE above 20%. Low debt indicates a strong capital structure. Positive free cash flow indicates healthy cash generation. Profit margins are relatively weak.
LODHA,MODERATE,ROE is relatively low. Low debt indicates a strong capital structure. Negative free cash flow needs attention. Profit margins are healthy.
LT,MODERATE,Excellent profitability with ROE above 20%. Low debt indicates a strong capital structure. Positive free cash flow indicates healthy cash generation. Profit margins are relatively weak.
LTIM,STRONG,Excellent profitability with ROE above 20%. Low debt indicates a strong capital structure. Positive free cash flow indicates healthy cash generation. Profit margins are stable.
M&M,WEAK,Healthy ROE indicates good shareholder returns. High debt may increase financial risk. Negative free cash flow needs attention. Profit margins are stable.
MARUTI,MODERATE,Healthy ROE indicates good shareholder returns. Low debt indicates a strong capital structure. Positive free cash flow indicates healthy cash generation. Profit margins are stable.
MOTHERSON,WEAK,ROE is relatively low. Debt level appears manageable. Positive free cash flow indicates healthy cash generation. Profit margins are relatively weak.
NAUKRI,MODERATE,ROE is relatively low. Low debt indicates a strong capital structure. Negative free cash flow needs attention. Profit margins are healthy.
NESTLEIND,STRONG,Excellent profitability with ROE above 20%. Low debt indicates a strong capital structure. Positive free cash flow indicates healthy cash generation. Profit margins are healthy.
NHPC,MODERATE,ROE is relatively low. Debt level appears manageable. Positive free cash flow indicates healthy cash generation. Profit margins are healthy.
NTPC,WEAK,ROE is relatively low. High debt may increase financial risk. Positive free cash flow indicates healthy cash generation. Profit margins are stable.
ONGC,MODERATE,Healthy ROE indicates good shareholder returns. Low debt indicates a strong capital structure. Positive free cash flow indicates healthy cash generation. Profit margins are stable.
PFC,MODERATE,Excellent profitability with ROE above 20%. High debt may increase financial risk. Negative free cash flow needs attention. Profit margins are healthy.
PIDILITIND,STRONG,Excellent profitability with ROE above 20%. Low debt indicates a strong capital structure. Positive free cash flow indicates healthy cash generation. Profit margins are stable.
PNB,WEAK,Excellent profitability with ROE above 20%. High debt may increase financial risk. Negative free cash flow needs attention. Profit margins are stable.
POWERGRID,MODERATE,Healthy ROE indicates good shareholder returns. High debt may increase financial risk. Positive free cash flow indicates healthy cash generation. Profit margins are healthy.
RECLTD,MODERATE,Excellent profitability with ROE above 20%. High debt may increase financial risk. Negative free cash flow needs attention. Profit margins are healthy.
RELIANCE,MODERATE,ROE is relatively low. Debt level appears manageable. Positive free cash flow indicates healthy cash generation. Profit margins are stable.
SBILIFE,WEAK,ROE is relatively low. Low debt indicates a strong capital structure. Negative free cash flow needs attention. Profit margins are relatively weak.
SHREECEM,MODERATE,ROE is relatively low. Low debt indicates a strong capital structure. Positive free cash flow indicates healthy cash generation. Profit margins are stable.
SHRIRAMFIN,WEAK,Healthy ROE indicates good shareholder returns. High debt may increase financial risk. Negative free cash flow needs attention. Profit margins are healthy.
SIEMENS,MODERATE,Healthy ROE indicates good shareholder returns. Low debt indicates a strong capital structure. Positive free cash flow indicates healthy cash generation. Profit margins are stable.
SUNPHARMA,STRONG,Healthy ROE indicates good shareholder returns. Low debt indicates a strong capital structure. Positive free cash flow indicates healthy cash generation. Profit margins are healthy.
TATACONSUM,MODERATE,ROE is relatively low. Low debt indicates a strong capital structure. Positive free cash flow indicates healthy cash generation. Profit margins are relatively weak.
TATAMOTORS,MODERATE,Excellent profitability with ROE above 20%. High debt may increase financial risk. Positive free cash flow indicates healthy cash generation. Profit margins are relatively weak.
TATAPOWER,WEAK,ROE is relatively low. High debt may increase financial risk. Positive free cash flow indicates healthy cash generation. Profit margins are relatively weak.
TATASTEEL,WEAK,ROE is relatively low. Debt level appears manageable. Positive free cash flow indicates healthy cash generation. Profit margins are relatively weak.
TCS,STRONG,Excellent profitability with ROE above 20%. Low debt indicates a strong capital structure. Positive free cash flow indicates healthy cash generation. Profit margins are healthy.
TECHM,MODERATE,ROE is relatively low. Low debt indicates a strong capital structure. Positive free cash flow indicates healthy cash generation. Profit margins are relatively weak.
TITAN,MODERATE,Excellent profitability with ROE above 20%. High debt may increase financial risk. Positive free cash flow indicates healthy cash generation. Profit margins are relatively weak.
TORNTPHARM,STRONG,Excellent profitability with ROE above 20%. Debt level appears manageable. Positive free cash flow indicates healthy cash generation. Profit margins are healthy.
TRENT,STRONG,Excellent profitability with ROE above 20%. Low debt indicates a strong capital structure. Positive free cash flow indicates healthy cash generation. Profit margins are stable.
TVSMOTOR,WEAK,Excellent profitability with ROE above 20%. High debt may increase financial risk. Negative free cash flow needs attention. Profit margins are relatively weak.
ULTRACEMCO,MODERATE,ROE is relatively low. Low debt indicates a strong capital structure. Positive free cash flow indicates healthy cash generation. Profit margins are stable.
UNIONBANK,WEAK,ROE is relatively low. High debt may increase financial risk. Positive free cash flow indicates healthy cash generation. Profit margins are stable.
